{"cameraMode":{"drawMode":0,"name":"Shaded","section":"Shading Mode"},"sceneLighting":true,"audioPlay":false,"sceneViewState":{"m_AlwaysRefresh":false,"showFog":true,"showSkybox":true,"showFlares":true,"showImageEffects":true,"showParticleSystems":true,"showVisualEffectGraphs":true,"m_FxEnabled":true},"in2DMode":false,"pivot":{"x":-1.9275014400482178,"y":4.287151336669922,"z":-15.667333602905274},"rotation":{"x":0.40630075335502627,"y":0.5622637867927551,"z":-0.3695005774497986,"w":0.6182573437690735},"size":0.24345023930072785,"orthographic":false}