{"cameraMode":{"drawMode":0,"name":"Shaded","section":"Shading Mode"},"sceneLighting":false,"audioPlay":false,"sceneViewState":{"m_AlwaysRefresh":false,"showFog":true,"showSkybox":false,"showFlares":true,"showImageEffects":true,"showParticleSystems":true,"showVisualEffectGraphs":true,"m_FxEnabled":true},"in2DMode":false,"pivot":{"x":-1.3116816282272339,"y":2.215820789337158,"z":-9.022479057312012},"rotation":{"x":0.051672790199518207,"y":-0.46708136796951296,"z":0.02735389582812786,"w":0.8822709321975708},"size":1.6583142280578614,"orthographic":false}