{"cameraMode":{"drawMode":0,"name":"Shaded","section":"Shading Mode"},"sceneLighting":false,"audioPlay":false,"sceneViewState":{"m_AlwaysRefresh":false,"showFog":true,"showSkybox":false,"showFlares":true,"showImageEffects":true,"showParticleSystems":true,"showVisualEffectGraphs":true,"m_FxEnabled":true},"in2DMode":false,"pivot":{"x":0.2277851402759552,"y":2.464877128601074,"z":-10.870003700256348},"rotation":{"x":0.07341338694095612,"y":-0.023330923169851304,"z":0.0017160538118332625,"w":0.9970203042030335},"size":1.6583142280578614,"orthographic":false}